CREATE USER hr IDENTIFIED BY welcome1;
GRANT CONNECT TO hr;
GRANT CREATE SESSION TO hr;
GRANT CREATE TABLE TO hr;
GRANT CREATE SEQUENCE TO hr;
ALTER USER hr QUOTA UNLIMITED ON users;

DROP TABLE hr.employees;

CREATE TABLE hr.employees 
   (employee_id    NUMBER(6,0) GENERATED BY DEFAULT AS IDENTITY, 
    first_name     VARCHAR2(20), 
    last_name      VARCHAR2(25), 
    email          VARCHAR2(25), 
    phone_number   VARCHAR2(20), 
    hire_date      DATE, 
    job_id         VARCHAR2(10), 
    salary         NUMBER(8,2), 
    commission_pct NUMBER(2,2), 
    manager_id     NUMBER(6,0), 
    department_id  NUMBER(4,0)
   )
  TABLESPACE USERS;

ALTER TABLE hr.employees ADD SUPPLEMENTAL LOG DATA (ALL) COLUMNS;

ALTER TABLE hr.employees ADD CONSTRAINT EMP_EMP_ID_PK PRIMARY KEY (employee_id);

CREATE INDEX hr.emp_department_ix ON hr.employees (department_id) 
  TABLESPACE USERS ;

INSERT INTO hr.employees (employee_id,first_name,last_name,email,phone_number,hire_date,job_id,salary,commission_pct,manager_id,department_id) values (100,'Steven','Smith','SKING','515.123.4567',to_date('17-JUN-03','DD-MON-RR'),'AD_PRES',24000,null,null,90);
INSERT INTO hr.employees (employee_id,first_name,last_name,email,phone_number,hire_date,job_id,salary,commission_pct,manager_id,department_id) values (101,'Neena','Kochhar','NKOCHHAR','515.123.4568',to_date('21-SEP-05','DD-MON-RR'),'AD_VP',17000,null,100,90);
INSERT INTO hr.employees (employee_id,first_name,last_name,email,phone_number,hire_date,job_id,salary,commission_pct,manager_id,department_id) values (102,'Lex','De Haan','LDEHAAN','515.123.4569',to_date('13-JAN-01','DD-MON-RR'),'AD_VP',17000,null,100,90);
INSERT INTO hr.employees (employee_id,first_name,last_name,email,phone_number,hire_date,job_id,salary,commission_pct,manager_id,department_id) values (103,'Alexander','Hunold','AHUNOLD','590.423.4567',to_date('03-JAN-06','DD-MON-RR'),'IT_PROG',9000,null,102,60);
INSERT INTO hr.employees (employee_id,first_name,last_name,email,phone_number,hire_date,job_id,salary,commission_pct,manager_id,department_id) values (104,'Bruce','Ernst','BERNST','590.423.4568',to_date('21-MAY-07','DD-MON-RR'),'IT_PROG',6000,null,103,60);
INSERT INTO hr.employees (employee_id,first_name,last_name,email,phone_number,hire_date,job_id,salary,commission_pct,manager_id,department_id) values (105,'David','Austin','DAUSTIN','590.423.4569',to_date('25-JUN-05','DD-MON-RR'),'IT_PROG',4800,null,103,60);
INSERT INTO hr.employees (employee_id,first_name,last_name,email,phone_number,hire_date,job_id,salary,commission_pct,manager_id,department_id) values (106,'Valli','Pataballa','VPATABAL','590.423.4560',to_date('05-FEB-06','DD-MON-RR'),'IT_PROG',4800,null,103,60);
INSERT INTO hr.employees (employee_id,first_name,last_name,email,phone_number,hire_date,job_id,salary,commission_pct,manager_id,department_id) values (107,'Diana','Pace','DLORENTZ','590.423.5567',to_date('07-FEB-07','DD-MON-RR'),'IT_PROG',4200,null,103,60);
INSERT INTO hr.employees (employee_id,first_name,last_name,email,phone_number,hire_date,job_id,salary,commission_pct,manager_id,department_id) values (108,'Nancy','Greenberg','NGREENBE','515.124.4569',to_date('17-AUG-02','DD-MON-RR'),'FI_MGR',12008,null,101,100);
INSERT INTO hr.employees (employee_id,first_name,last_name,email,phone_number,hire_date,job_id,salary,commission_pct,manager_id,department_id) values (109,'Daniel','Faviet','DFAVIET','515.124.4169',to_date('16-AUG-02','DD-MON-RR'),'FI_ACCOUNT',9000,null,108,100);
INSERT INTO hr.employees (employee_id,first_name,last_name,email,phone_number,hire_date,job_id,salary,commission_pct,manager_id,department_id) values (110,'John','Chen','JCHEN','515.124.4269',to_date('28-SEP-05','DD-MON-RR'),'FI_ACCOUNT',8200,null,108,100);
INSERT INTO hr.employees (employee_id,first_name,last_name,email,phone_number,hire_date,job_id,salary,commission_pct,manager_id,department_id) values (111,'Ismael','Sciarra','ISCIARRA','515.124.4369',to_date('30-SEP-05','DD-MON-RR'),'FI_ACCOUNT',7700,null,108,100);
INSERT INTO hr.employees (employee_id,first_name,last_name,email,phone_number,hire_date,job_id,salary,commission_pct,manager_id,department_id) values (112,'Jose Manuel','Urman','JMURMAN','515.124.4469',to_date('07-MAR-06','DD-MON-RR'),'FI_ACCOUNT',7800,null,108,100);
INSERT INTO hr.employees (employee_id,first_name,last_name,email,phone_number,hire_date,job_id,salary,commission_pct,manager_id,department_id) values (113,'Luis','Popp','LPOPP','515.124.4567',to_date('07-DEC-07','DD-MON-RR'),'FI_ACCOUNT',6900,null,108,100);
INSERT INTO hr.employees (employee_id,first_name,last_name,email,phone_number,hire_date,job_id,salary,commission_pct,manager_id,department_id) values (114,'Den','Raphaely','DRAPHEAL','515.127.4561',to_date('07-DEC-02','DD-MON-RR'),'PU_MAN',11000,null,100,30);
INSERT INTO hr.employees (employee_id,first_name,last_name,email,phone_number,hire_date,job_id,salary,commission_pct,manager_id,department_id) values (115,'Alexander','Khoo','AKHOO','515.127.4562',to_date('18-MAY-03','DD-MON-RR'),'PU_CLERK',3100,null,114,30);
INSERT INTO hr.employees (employee_id,first_name,last_name,email,phone_number,hire_date,job_id,salary,commission_pct,manager_id,department_id) values (116,'Shelli','Baida','SBAIDA','515.127.4563',to_date('24-DEC-05','DD-MON-RR'),'PU_CLERK',2900,null,114,30);
INSERT INTO hr.employees (employee_id,first_name,last_name,email,phone_number,hire_date,job_id,salary,commission_pct,manager_id,department_id) values (117,'Sigal','Tobias','STOBIAS','515.127.4564',to_date('24-JUL-05','DD-MON-RR'),'PU_CLERK',2800,null,114,30);
INSERT INTO hr.employees (employee_id,first_name,last_name,email,phone_number,hire_date,job_id,salary,commission_pct,manager_id,department_id) values (118,'Guy','Himuro','GHIMURO','515.127.4565',to_date('15-NOV-06','DD-MON-RR'),'PU_CLERK',2600,null,114,30);
INSERT INTO hr.employees (employee_id,first_name,last_name,email,phone_number,hire_date,job_id,salary,commission_pct,manager_id,department_id) values (119,'Karen','Colmenares','KCOLMENA','515.127.4566',to_date('10-AUG-07','DD-MON-RR'),'PU_CLERK',2500,null,114,30);
INSERT INTO hr.employees (employee_id,first_name,last_name,email,phone_number,hire_date,job_id,salary,commission_pct,manager_id,department_id) values (120,'Matthew','Weiss','MWEISS','650.123.1234',to_date('18-JUL-04','DD-MON-RR'),'ST_MAN',8000,null,100,50);
INSERT INTO hr.employees (employee_id,first_name,last_name,email,phone_number,hire_date,job_id,salary,commission_pct,manager_id,department_id) values (121,'Adam','Fripp','AFRIPP','650.123.2234',to_date('10-APR-05','DD-MON-RR'),'ST_MAN',8200,null,100,50);
INSERT INTO hr.employees (employee_id,first_name,last_name,email,phone_number,hire_date,job_id,salary,commission_pct,manager_id,department_id) values (122,'Payam','Kaufling','PKAUFLIN','650.123.3234',to_date('01-MAY-03','DD-MON-RR'),'ST_MAN',7900,null,100,50);
INSERT INTO hr.employees (employee_id,first_name,last_name,email,phone_number,hire_date,job_id,salary,commission_pct,manager_id,department_id) values (123,'Shanta','Vollman','SVOLLMAN','650.123.4234',to_date('10-OCT-05','DD-MON-RR'),'ST_MAN',6500,null,100,50);
INSERT INTO hr.employees (employee_id,first_name,last_name,email,phone_number,hire_date,job_id,salary,commission_pct,manager_id,department_id) values (124,'Kevin','Mourgos','KMOURGOS','650.123.5234',to_date('16-NOV-07','DD-MON-RR'),'ST_MAN',5800,null,100,50);
INSERT INTO hr.employees (employee_id,first_name,last_name,email,phone_number,hire_date,job_id,salary,commission_pct,manager_id,department_id) values (125,'Julia','Nayer','JNAYER','650.124.1214',to_date('16-JUL-05','DD-MON-RR'),'ST_CLERK',3200,null,120,50);

DROP TABLE hr.departments;

CREATE TABLE hr.departments 
   (department_id   NUMBER(4,0) GENERATED BY DEFAULT AS IDENTITY, 
	department_name VARCHAR2(30), 
	manager_id      NUMBER(6,0), 
	location_id     NUMBER(4,0) 
   ) 
  TABLESPACE USERS ;

ALTER TABLE hr.departments ADD CONSTRAINT dept_id_pk PRIMARY KEY (department_id);

CREATE INDEX hr.dept_location_ix ON hr.departments (location_id) 
  TABLESPACE USERS ;

ALTER TABLE hr.departments ADD SUPPLEMENTAL LOG DATA (ALL) COLUMNS;

INSERT INTO hr.departments (department_id,department_name,manager_id,location_id) values (10,'Administration',200,1700);
INSERT INTO hr.departments (department_id,department_name,manager_id,location_id) values (20,'Marketing',201,1800);
INSERT INTO hr.departments (department_id,department_name,manager_id,location_id) values (30,'Purchasing',114,1700);
INSERT INTO hr.departments (department_id,department_name,manager_id,location_id) values (40,'Human Resources',203,2400);
INSERT INTO hr.departments (department_id,department_name,manager_id,location_id) values (50,'Shipping',121,1500);
INSERT INTO hr.departments (department_id,department_name,manager_id,location_id) values (60,'IT',103,1400);
INSERT INTO hr.departments (department_id,department_name,manager_id,location_id) values (70,'Public Relations',204,2700);
INSERT INTO hr.departments (department_id,department_name,manager_id,location_id) values (80,'Sales',145,2500);
INSERT INTO hr.departments (department_id,department_name,manager_id,location_id) values (90,'Executive',100,1700);
INSERT INTO hr.departments (department_id,department_name,manager_id,location_id) values (100,'Finance',108,1700);
INSERT INTO hr.departments (department_id,department_name,manager_id,location_id) values (110,'Accounting',205,1700);
INSERT INTO hr.departments (department_id,department_name,manager_id,location_id) values (120,'Treasury',null,1700);
INSERT INTO hr.departments (department_id,department_name,manager_id,location_id) values (130,'Corporate Tax',null,1700);
INSERT INTO hr.departments (department_id,department_name,manager_id,location_id) values (140,'Control And Credit',null,1700);
INSERT INTO hr.departments (department_id,department_name,manager_id,location_id) values (150,'Shareholder Services',null,1700);
INSERT INTO hr.departments (department_id,department_name,manager_id,location_id) values (160,'Benefits',null,1700);
INSERT INTO hr.departments (department_id,department_name,manager_id,location_id) values (170,'Manufacturing',null,1700);
INSERT INTO hr.departments (department_id,department_name,manager_id,location_id) values (180,'Construction',null,1700);
INSERT INTO hr.departments (department_id,department_name,manager_id,location_id) values (190,'Contracting',null,1700);
INSERT INTO hr.departments (department_id,department_name,manager_id,location_id) values (200,'Operations',null,1700);
INSERT INTO hr.departments (department_id,department_name,manager_id,location_id) values (210,'IT Support',null,1700);
INSERT INTO hr.departments (department_id,department_name,manager_id,location_id) values (220,'NOC',null,1700);
INSERT INTO hr.departments (department_id,department_name,manager_id,location_id) values (230,'IT Helpdesk',null,1700);
INSERT INTO hr.departments (department_id,department_name,manager_id,location_id) values (240,'Government Sales',null,1700);
INSERT INTO hr.departments (department_id,department_name,manager_id,location_id) values (250,'Retail Sales',null,1700);
INSERT INTO hr.departments (department_id,department_name,manager_id,location_id) values (260,'Recruiting',null,1700);
INSERT INTO hr.departments (department_id,department_name,manager_id,location_id) values (270,'Payroll',null,1700);

DROP TABLE hr.jobs;

CREATE TABLE hr.jobs 
   (job_id     VARCHAR2(10), 
	job_title  VARCHAR2(35), 
	min_salary NUMBER(6,0), 
	max_salary NUMBER(6,0)
   )  
TABLESPACE USERS ;

ALTER TABLE hr.jobs ADD CONSTRAINT job_id_pk PRIMARY KEY (job_id);

ALTER TABLE hr.jobs ADD SUPPLEMENTAL LOG DATA (ALL) COLUMNS;

INSERT INTO hr.jobs (job_id,job_title,min_salary,max_salary) values ('AD_PRES','President',20080,40000);
INSERT INTO HR.JOBS (job_id,job_title,min_salary,max_salary) values ('AD_VP','Administration Vice President',15000,30000);
INSERT INTO HR.JOBS (job_id,job_title,min_salary,max_salary) values ('AD_ASST','Administration Assistant',3000,6000);
INSERT INTO HR.JOBS (job_id,job_title,min_salary,max_salary) values ('FI_MGR','Finance Manager',8200,16000);
INSERT INTO HR.JOBS (job_id,job_title,min_salary,max_salary) values ('FI_ACCOUNT','Accountant',4200,9000);
INSERT INTO HR.JOBS (job_id,job_title,min_salary,max_salary) values ('AC_MGR','Accounting Manager',8200,16000);
INSERT INTO HR.JOBS (job_id,job_title,min_salary,max_salary) values ('AC_ACCOUNT','Public Accountant',4200,9000);
INSERT INTO HR.JOBS (job_id,job_title,min_salary,max_salary) values ('SA_MAN','Sales Manager',10000,20080);
INSERT INTO HR.JOBS (job_id,job_title,min_salary,max_salary) values ('SA_REP','Sales Representative',6000,12008);
INSERT INTO HR.JOBS (job_id,job_title,min_salary,max_salary) values ('PU_MAN','Purchasing Manager',8000,15000);
INSERT INTO HR.JOBS (job_id,job_title,min_salary,max_salary) values ('PU_CLERK','Purchasing Clerk',2500,5500);
INSERT INTO HR.JOBS (job_id,job_title,min_salary,max_salary) values ('ST_MAN','Stock Manager',5500,8500);
INSERT INTO HR.JOBS (job_id,job_title,min_salary,max_salary) values ('ST_CLERK','Stock Clerk',2008,5000);
INSERT INTO HR.JOBS (job_id,job_title,min_salary,max_salary) values ('SH_CLERK','Shipping Clerk',2500,5500);
INSERT INTO HR.JOBS (job_id,job_title,min_salary,max_salary) values ('IT_PROG','Programmer',4000,10000);
INSERT INTO HR.JOBS (job_id,job_title,min_salary,max_salary) values ('MK_MAN','Marketing Manager',9000,15000);
INSERT INTO HR.JOBS (job_id,job_title,min_salary,max_salary) values ('MK_REP','Marketing Representative',4000,9000);
INSERT INTO HR.JOBS (job_id,job_title,min_salary,max_salary) values ('HR_REP','Human Resources Representative',4000,9000);
INSERT INTO HR.JOBS (job_id,job_title,min_salary,max_salary) values ('PR_REP','Public Relations Representative',4500,10500);

DROP TABLE hr.locations;

CREATE TABLE hr.locations 
   (location_id     NUMBER(4,0) GENERATED BY DEFAULT AS IDENTITY, 
     street_address VARCHAR2(40) , 
	 postal_code    VARCHAR2(12) , 
	 city           VARCHAR2(30), 
	 state_province VARCHAR2(25) , 
	 country_id     CHAR(2) 
   )  
  TABLESPACE USERS ;

ALTER TABLE hr.locations ADD CONSTRAINT loc_id_pk PRIMARY KEY (location_id);

ALTER TABLE hr.locations ADD SUPPLEMENTAL LOG DATA (ALL) COLUMNS;

exit;